{
  "file_name": "zweig_bibliography_cleaned_20250411_1024.csv",
  "total_entries": 5652,
  "content_types": {
    "Category": 4100,
    "Redirect": 1545,
    "Other": 4,
    "Review": 1,
    "Translation": 1,
    "Correspondence": 1
  },
  "missing_data": {
    "page_id": {
      "count": 0,
      "percentage": 0.0
    },
    "page_title": {
      "count": 5652,
      "percentage": 100.0
    },
    "text_id": {
      "count": 0,
      "percentage": 0.0
    },
    "content": {
      "count": 0,
      "percentage": 0.0
    },
    "content_cleaned": {
      "count": 0,
      "percentage": 0.0
    },
    "content_type": {
      "count": 0,
      "percentage": 0.0
    },
    "redirect_target": {
      "count": 4107,
      "percentage": 72.66454352441613
    },
    "content_title": {
      "count": 0,
      "percentage": 0.0
    },
    "year": {
      "count": 1799,
      "percentage": 31.82944090587403
    },
    "publisher": {
      "count": 5222,
      "percentage": 92.39207360226469
    },
    "location": {
      "count": 4207,
      "percentage": 74.43382873319179
    },
    "language": {
      "count": 5584,
      "percentage": 98.79688605803256
    },
    "page_count": {
      "count": 4655,
      "percentage": 82.36022646850672
    },
    "blob_id": {
      "count": 0,
      "percentage": 0.0
    }
  },
  "temporal": {
    "year_range": {
      "min": 1815,
      "max": 2020,
      "span": 206
    },
    "by_decade": {
      "1810s": 12,
      "1820s": 12,
      "1830s": 2,
      "1840s": 20,
      "1850s": 8,
      "1860s": 1,
      "1870s": 1,
      "1880s": 25,
      "1890s": 11,
      "1900s": 134,
      "1910s": 175,
      "1920s": 184,
      "1930s": 323,
      "1940s": 235,
      "1950s": 230,
      "1960s": 234,
      "1970s": 116,
      "1980s": 263,
      "1990s": 497,
      "2000s": 619,
      "2010s": 718,
      "2020s": 33
    },
    "by_period": {
      "Pre-Zweig (before 1881)": 56,
      "During Lifetime (1881-1942)": 937,
      "Post-WWII (1943-1980)": 747,
      "Late 20th Century (1981-2000)": 935,
      "Contemporary (after 2000)": 1178
    },
    "content_by_decade": {
      "1810s": {
        "Category": 11,
        "Redirect": 1
      },
      "1820s": {
        "Category": 11,
        "Other": 1
      },
      "1830s": {
        "Category": 2
      },
      "1840s": {
        "Category": 20
      },
      "1850s": {
        "Category": 8
      },
      "1860s": {
        "Category": 1
      },
      "1870s": {
        "Category": 1
      },
      "1880s": {
        "Category": 17,
        "Redirect": 8
      },
      "1890s": {
        "Category": 11
      },
      "1900s": {
        "Category": 133,
        "Redirect": 1
      },
      "1910s": {
        "Category": 166,
        "Other": 1,
        "Redirect": 8
      },
      "1920s": {
        "Category": 179,
        "Redirect": 5
      },
      "1930s": {
        "Category": 316,
        "Correspondence": 1,
        "Redirect": 6
      },
      "1940s": {
        "Category": 232,
        "Redirect": 3
      },
      "1950s": {
        "Category": 230
      },
      "1960s": {
        "Category": 232,
        "Redirect": 2
      },
      "1970s": {
        "Category": 116
      },
      "1980s": {
        "Category": 257,
        "Other": 1,
        "Redirect": 5
      },
      "1990s": {
        "Category": 485,
        "Redirect": 12
      },
      "2000s": {
        "Category": 611,
        "Redirect": 7,
        "Translation": 1
      },
      "2010s": {
        "Category": 711,
        "Redirect": 6,
        "Review": 1
      },
      "2020s": {
        "Category": 32,
        "Other": 1
      }
    },
    "categories_by_period": {
      "Contemporary": {
        "Secondary Literature": 567,
        "Fiction": 259,
        "Essays": 163,
        "Historical Studies": 112,
        "Correspondence": 15
      },
      "During Lifetime": {
        "Essays": 303,
        "Secondary Literature": 152,
        "Fiction": 133,
        "Poetry": 100,
        "Historical Studies": 96
      },
      "Late 20th Century": {
        "Fiction": 251,
        "Secondary Literature": 251,
        "Poetry": 136,
        "Essays": 99,
        "Historical Studies": 94
      },
      "Post-WWII": {
        "Fiction": 281,
        "Secondary Literature": 175,
        "Historical Studies": 130,
        "Essays": 98,
        "Films": 28
      },
      "Pre-Zweig": {
        "Essays": 28,
        "Historical Studies": 17,
        "Poetry": 5,
        "Secondary Literature": 4
      }
    }
  },
  "geographic": {
    "top_locations": {
      "Paris": 316,
      "Wien": 267,
      "Berlin": 253,
      "Frankfurt": 161,
      "London": 142,
      "New York": 112,
      "Leipzig": 88,
      "Salzburg": 76,
      "Hamburg": 30
    }
  },
  "categories": {
    "top_categories": {
      "Secondary Literature / Authors (German)": 433,
      "Essays / Individual Essays (German)": 232,
      "Essays / Individual Essays (Spanish)": 161,
      "Secondary Literature / Authors (English)": 148,
      "Essays / Individual Essays (Chinese)": 133,
      "Poetry / Individual Poems (Chinese)": 133,
      "Secondary Literature / Authors (French)": 129,
      "Secondary Literature / Authors (Arabic)": 122,
      "Fiction / Individual Stories (Chinese)": 95,
      "Essays / Individual Essays (French)": 94,
      "Poetry / Individual Poems (German)": 86,
      "Films / Plays / Operas": 82,
      "Historical Studies / Volumes (Chinese)": 66,
      "Secondary Literature / Titles (German)": 65,
      "Fiction / Individual Stories (French)": 64,
      "Fiction / Volumes (German)": 62,
      "Fiction / Individual Stories (Bulgarian)": 50,
      "Secondary Literature / Authors (Chinese)": 46,
      "Fiction / Individual Stories (German)": 43,
      "Fiction / Individual Stories (Spanish)": 42
    },
    "main_categories": {
      "Secondary Literature": 1236,
      "Fiction": 1024,
      "Essays": 776,
      "Historical Studies": 465,
      "Poetry": 262,
      "Films": 81,
      "Correspondence": 72,
      "Dramas": 35,
      "Translations by Zweig": 34,
      "Collected and Selected Works": 30
    }
  },
  "links": {
    "total_links": 6376,
    "entries_with_links": 3874,
    "avg_links_per_entry": 1.1280962491153574,
    "max_links": 17,
    "top_referenced": {
      "Yin xian ji. Zaonian de huahuan. Xin de lücheng": 139,
      "Ciweige wenji": 113,
      "Stefan-Zweig-Handbuch": 97,
      "\\\"Was wir wollen!\\\" Gedichte und Nachdichtungen": 88,
      "Obras completas de Stefan Zweig": 85,
      "Stefan Zweig. L\\'Esprit européen en exil": 61,
      "Romans, nouvelles et récits": 59,
      "Novela": 57,
      "Obras de Stefan Zweig": 56,
      "Begegnungen mit Menschen, Büchern, Städten": 55,
      "Yige mosheng nüren de laixin": 54,
      "Tiempo y mundo": 53,
      "Odabrana djela Stefana Zweiga": 47,
      "Voyages": 45,
      "Ciweige xiaoshuo quanji": 44,
      "Hombres, libros y ciudades": 43,
      "Noveli / Bulgarian": 39,
      "Ciweige xiaoshuo ji": 37,
      "Worte haben keine Macht mehr": 37,
      "Nur die Lebendigen schaffen die Welt": 35
    }
  },
  "languages": {
    "German": 30,
    "French": 13,
    "English": 6,
    "Portuguese": 4,
    "Spanish": 3,
    "Russian": 2,
    "Georgian": 1,
    "Dutch": 1,
    "Greek": 1,
    "Bulgarian": 1,
    "Turkish": 1,
    "Arabic": 1,
    "Chechen": 1,
    "Finnish": 1,
    "Literarische": 1
  },
  "page_counts": {
    "stats": {
      "min": 4.0,
      "max": 1175.0,
      "avg": 228.3380140421264,
      "median": 199.0
    },
    "distribution": {
      "1-10": 9,
      "11-50": 62,
      "51-100": 157,
      "101-200": 274,
      "201-500": 441,
      "501-1000": 52,
      "1000+": 2
    }
  },
  "duplication": {
    "duplicate_content": 833,
    "duplicate_content_pct": 14.738145789101203,
    "duplicate_cleaned": 833,
    "duplicate_cleaned_pct": 14.738145789101203
  }
}